{"cameraMode":{"drawMode":0,"name":"Shaded","section":"Shading Mode"},"sceneLighting":false,"audioPlay":false,"sceneViewState":{"m_AlwaysRefresh":false,"showFog":true,"showSkybox":false,"showFlares":true,"showImageEffects":true,"showParticleSystems":true,"showVisualEffectGraphs":true,"m_FxEnabled":true},"in2DMode":false,"pivot":{"x":0.0548149049282074,"y":1.215464472770691,"z":-0.000009775161743164063},"rotation":{"x":-0.07232198864221573,"y":-0.19561181962490083,"z":0.014422139152884484,"w":-0.9779676198959351},"size":1.5673904418945313,"orthographic":false}